,0
501,0.0047444817825078615
502,0.0064256618140839964
503,0.0076618614029341945
504,0.003564423074083084
505,0.004405889753096313
506,0.000797282901006518
507,0.0065314676260097475
508,0.0011549175950307962
509,0.001783977251721076
510,0.0016996154309795962
511,0.0064743993661414605
512,0.003783068452548888
513,0.004761737344810141
514,0.002703638341313148
515,0.002886226243881807
516,0.005736744891674875
517,0.0015623963244128629
518,0.0024628914260578206
519,0.0033155595056342086
520,0.003220936761388666
521,0.0060220685068968355
522,0.0024763302751849778
523,0.0022970225518615128
524,0.00423404602124397
525,0.0053442537850990944
526,0.0032667636503922065
527,0.005052707398296083
528,0.002940809138427767
529,0.002674306701464168
530,0.004840105530360811
531,0.001779211888751064
532,0.003117893147871663
533,0.0025965244066540397
534,0.001361779634264669
535,0.003432230243558279
536,0.0025638397315244804
537,0.0029203704847673845
538,0.0033749795808714574
539,0.005120093090219553
540,0.004193602817039249
541,0.004111700833602176
542,0.003816596838019171
543,0.004492252394068354
544,0.0036525507215933845
545,0.002685524340822023
546,0.0015810687848165684
547,0.008178150020417775
548,0.006185638151756684
549,0.0036371697459322747
550,0.0021152927919575737
551,0.0029279465823207292
552,0.002675391643613722
553,0.0016367292298073942
554,0.003585734621073297
555,0.003966994004812558
556,0.0044338192052689575
557,0.004804929931891462
558,0.002200859154438369
559,0.004505615066303585
560,0.0021272495848404377
561,0.0027151115013242383
562,0.0024739224996027007
563,0.002523769936218148
564,0.001853344076694419
565,0.00439496829637701
566,0.001965177323644723
567,0.002303312106739508
568,0.005298522465477265
569,0.0014563791469206014
570,0.0030532120005511373
571,0.002143189735358849
572,0.0032609855249310835
573,0.0019282292752087736
574,0.002154934783280519
575,0.004241834611410508
576,0.0051977584297184425
577,0.0034036755961608586
578,0.004907500470504843
579,0.0016152162874865348
580,0.0026279489025119672
581,0.00291994837714935
582,0.0038026927273156117
583,0.002321111482542472
584,0.0026637770769858495
585,0.002526091912288135
586,0.004787188655319674
587,0.003341984883509548
588,0.002500252330477959
589,0.0006110319845204909
590,0.004092801228164511
591,0.005056125963301075
592,0.0020398778826051975
593,0.002910557523603275
594,0.005869269665094719
595,0.0035064905804577107
596,0.004945714248633225
597,0.0032474554959992866
598,0.0027634272575396274
599,0.005248041915623618
600,0.0031246634455457827
601,0.0029519972333663658
602,0.0008063598419485798
603,0.0035864525665234618
604,0.0022813227554226503
605,0.0021200879728494743
606,0.004227597803107767
607,0.0020701529589783677
608,0.0016296941092016233
609,0.004197663312438849
610,0.0039484594105215175
611,0.005026637462534418
612,0.008836449599511733
613,0.0033373413449041566
614,0.0027489675108307806
615,0.003039277202823945
616,0.001855908626789619
617,0.003369863665214863
618,0.0029407345755052875
619,0.002332474244246365
620,0.0026194224813935116
621,0.001384697424628177
622,0.003737312542034491
623,0.004329494989937112
624,0.0027587793294558288
625,0.0010253879402502529
626,0.002927461448718189
627,0.004254782331861442
628,0.003787106237325727
629,0.0028119695864058775
630,0.003968644869007607
631,0.0014119264563004427
632,0.003201581298306932
633,0.005001324202306247
634,0.004822364975012638
635,0.0025656593898177086
636,0.0045587672748605935
637,0.0057770456416810665
638,0.005591951527714696
639,0.0015168532401998586
640,0.003282424368272948
641,0.0046498984488036075
642,0.0035505952968906775
643,0.005166678607791404
644,0.0010509788657846672
645,0.003261439784615435
646,0.006018370194679559
647,0.005778811849078055
648,0.0033395639008769254
649,0.004542365275701729
650,0.0024910650305209384
651,0.002554377241186352
652,0.005367770148395211
653,0.0012509699595935457
654,0.0027591653523159135
655,0.004642384503018984
656,0.002167932864386215
657,0.0068099641752438515
658,0.002442061053984821
659,0.0005261389254951412
660,0.004805882500079052
661,0.005798895259677174
662,0.0014401982376377024
663,0.0004590624400247466
664,0.0028022767012010966
665,0.007070168079194979
666,0.005183418488845473
667,0.0027446668884916945
668,0.005161375687536493
669,0.005235501385709454
670,0.002900083866946466
671,0.005211589235632449
672,0.004439208994897995
673,0.0022140791141188076
674,0.0030927154347192795
675,0.003276385289469138
676,0.007397331215810102
677,0.005426366054018125
678,0.0059211132236267035
679,0.005265246115143343
680,0.002980973570174202
681,0.004577881398125895
682,0.003742135693720637
683,0.0030567870125412324
684,0.005714983518136614
685,0.0027733002619179264
686,0.0021856251358166857
687,0.002403694194632431
688,0.002102551136361296
689,0.0017383885305958802
690,0.004339927912741297
691,0.00206821582546479
692,0.002179931402066517
693,0.0027523234967925365
694,0.0030087368838659055
695,0.003746565412827909
696,0.0010705630912415318
697,0.004147223666879866
698,0.0014582321438776334
699,0.003668435670805157
700,0.0017351726991068999
701,0.004702366481321094
702,0.00401181008276631
703,0.005132563649803433
704,0.004676413241104026
705,0.003272305723883468
706,0.0020977995871975497
707,0.00398423881037759
708,0.004298300436468634
709,0.002511160487827143
710,0.004012060799537302
711,0.002934712028023307
712,0.007202392914686058
713,0.005573842882406812
714,0.0029425270239667573
715,0.0013397814637335845
716,0.002350667319425658
717,0.0036558776881718776
718,0.0025586987178371676
719,0.0008391756863598323
720,0.004400171907366512
721,0.002078921228599382
722,0.0035935770286239024
723,0.0031584728452466065
724,0.0037784599982451142
725,0.003095501779930935
726,0.0046162866933933564
727,0.0024752170368969664
728,0.0033996856719154048
729,0.0032622096646251256
730,0.0029639609997428305
731,0.003611846460963746
732,0.003437218955132095
733,0.0019365936509721932
734,0.004374027366828889
735,0.0036724187163281415
736,0.0038879432280051612
737,0.002951893277649197
738,0.0015817522484233432
739,0.0024644128610540653
740,0.003299317467906234
741,0.005931771183174031
742,0.005012472040783028
743,0.0024533997749735894
744,0.003291034895352596
745,0.002690887414819707
746,0.004934452596825646
747,0.0005389898075537081
748,0.003067537318544184
749,0.005129430793888126
750,0.0014313292568385132
751,0.004611189013521169
752,0.003956659486373068
753,0.0028730746675176924
754,0.004869161000833751
755,0.0013560168778623052
756,0.0028912983084036503
757,0.004412728630609773
758,0.004414762488707785
759,0.002057741581156377
760,0.0018990181063909424
761,0.0025560299160026514
762,0.0037108377428092406
763,0.002661450697121426
764,0.0017162044142361443
765,0.004017540970237884
766,0.003857912765604913
767,0.0041128257743077885
768,0.0022108857013620246
769,0.007399891642649203
770,0.002616245254641258
771,0.0021155724056397436
772,0.003576110235861701
773,0.0019073444674116518
774,0.005879601129310797
775,0.0037368978507454193
776,0.004704780769716043
777,0.004134502843493932
778,0.0019112522266396409
779,0.001441275888259378
780,0.0014260178664398555
781,0.0014002409412144725
782,0.0016614274596658065
783,0.002876904380949429
784,0.0023658200326992945
785,0.00311913638978373
786,0.0034528544384884057
787,0.003323505207484865
788,0.0025140847030171672
789,0.003336546864825292
790,0.001279666257448168
791,0.0027883019866910045
792,0.0023267831750942367
793,0.0039300106205929705
794,0.0013060529185512624
795,0.002316052651295357
796,0.00156424299987417
797,0.0015086034368703878
798,0.002942350628860018
799,0.002449996315533467
800,0.004128559394991454
801,0.0029169326588533682
802,0.0009697248685740061
803,0.0006214852282366672
804,0.0010427913502903986
805,0.0023930972253614334
806,0.005199539089344197
807,0.006176298833442773
808,0.0033975726885063944
809,0.0050097656765597
810,0.003225300682904303
811,0.003962131812883667
812,0.0026613782180781574
813,0.003264091736929018
814,0.0032125743311730466
815,0.0012702057845227835
816,0.0005987923122283007
817,0.000509738662180341
818,0.003122194226002036
819,0.0005741939366771693
820,0.000480335193840641
821,0.004185806260515204
822,0.004906116040347224
823,0.0031352276570356086
824,0.004257111582967849
825,0.004174213232049904
826,0.0056874112405789394
827,0.004355349325182028
828,0.004223414858681863
829,0.003465587611497619
830,0.0019190054778694607
831,0.003318772098811202
832,0.0027744764453093394
833,0.005589268395047534
834,0.0033183950092398017
835,0.0032925724587106408
836,0.003867218074581555
837,0.0039020384031708045
838,0.0021462220664669545
839,0.0012231781512907134
840,0.0024933463015310866
841,0.0031269276757538212
842,0.0018383957060547154
843,0.0012524444362992972
844,0.0017470245757951093
845,0.002252417168884833
846,0.0013883732517034643
847,0.0033257733949850084
848,0.00305504658638841
849,0.0033524027764857897
850,0.0032842092112790183
851,0.002417536568825629
852,0.0008895814123736356
853,0.0018785178922657217
854,0.0018087735271573012
855,0.0025702885804359866
856,0.002834684256587157
857,0.00575001798583636
858,0.0029061696965326234
859,0.0042271928754026
860,0.0032370328750310207
861,0.006033518956442156
862,0.0019180668104372804
863,0.0012865726143622275
864,0.003221986622713473
865,0.0007515803373936217
866,0.0015552377769152508
867,0.0015821370798372164
868,0.0011661499084062617
869,0.002269437022701695
870,0.001149915503577829
871,0.0027996129789561626
872,0.0031819802774518103
873,0.0015696130060606714
874,0.0025330970224285085
875,0.0025134092515716002
876,0.00030933800238684694
877,0.0028775757142438505
878,0.0013306210297883113
879,0.0008347285339409214
880,0.0014855275452939482
881,0.0033646589365561815
882,0.002408735591186042
883,0.0010111430470500168
884,0.0016526971045918322
885,0.0025518739699042572
886,0.0041574933546180875
887,0.00396490498262057
888,0.0016431220833976999
889,0.0028962892414071454
890,0.003856222715052928
891,0.0010524540527820359
892,0.005620630996827618
893,0.0019567192557542606
894,0.0034187910669502123
895,0.0028265549290316778
896,0.0014949838927069622
897,0.0028716969375094394
898,0.002026679689961197
899,0.0017292087460360958
900,0.0025724125607128646
901,0.00275442368558251
902,0.0015707904045892118
903,0.0036333230787791437
904,0.0018695625614885611
905,0.0050616560703076185
906,0.006025422412986664
907,0.0011205472033658677
908,0.0031657252498290705
909,0.0027420813585075595
910,0.016262521898955776
911,0.004398967555482987
912,0.000994653600948495
913,0.002736959766927625
914,0.0016434877471145776
915,0.0023177956952584178
916,0.004390151121118196
917,0.004840678501779901
918,0.0006853795694663258
919,0.003368139834721775
920,0.0030632752108563388
921,0.002656733095190903
922,0.00219897167118076
923,0.003310126368126444
924,0.0021167513087413693
925,0.0017539683966695506
926,0.004419004323491481
927,0.003853611575588853
928,0.001849495406641529
929,0.0025689983216393105
930,0.005038651138862413
931,0.0028540944881474462
932,0.0025297890947373752
933,0.001116696600840076
934,0.0020043156871559476
935,0.005065831275154135
936,0.0030547323739261814
937,0.002645547738555821
938,0.003578783844467854
939,0.0016677854838662645
940,0.002382792464000491
941,0.0021828641642726485
942,0.0010882734793530569
943,0.0006004090775296329
944,0.004376982609031236
945,0.0016132669103345345
946,0.00382783433054922
947,0.0013772131434319629
948,0.002738237629147782
949,0.0009241592442948919
950,0.0024832606390785086
951,0.0013920836138184255
952,0.00204098505077537
953,0.0014807460957850054
954,0.001780929365451496
955,0.0028896371047423125
956,0.0016751393404376817
957,0.002528300774845825
958,0.0021750454942978323
959,0.002710033553275077
960,0.004198273294866985
961,0.0033419338678498077
962,0.0025186102139073234
963,0.0018918902941797283
964,0.003312838060897414
965,0.0015471641973287635
966,0.0016756532047624319
967,0.002755784239401303
968,0.003103019786391699
969,0.0026435697371725735
970,0.003149967242699489
971,0.0015923460922324117
972,0.0022008379427376663
973,0.00427351695289565
974,0.005013887048848631
975,0.0018787524245503357
976,0.003773367218332395
977,0.004438145417304396
978,0.0033831387685260895
979,0.003077222822290171
980,0.0010937371460223062
981,0.003083129534964831
982,0.0015999336916113483
983,0.0017469314369702518
984,0.002007381834569069
985,0.0019776097684570198
986,0.002585001003288647
987,0.000849307452000138
988,0.0041729943975125855
989,0.002368226848214878
990,0.000588423423727915
991,0.0018627650163655998
992,0.0023447650700120655
993,0.0017587238962580981
994,0.0009711857376023871
995,0.002813681031900396
996,0.0038219342475288368
997,0.0034422259827391125
998,0.0012892788432752541
999,0.0012809595756185243
1000,0.0021852171570222643
1001,0.002626959509207242
1002,0.003002779938374772
1003,0.0011904081644133573
1004,0.0017196181080268967
1005,0.0022841415412964672
1006,0.0029427724150337662
1007,0.003909327354350477
1008,0.0012133591367022127
1009,0.002113140012584189
1010,0.002087912453764633
1011,0.0017953468836608075
1012,0.0025641476150522133
1013,0.001451324123646672
1014,0.003799883222651993
1015,0.0023973734281664398
1016,0.0030483094327670977
1017,0.0012957941600117613
1018,0.002571921977004668
1019,0.002139429727253995
1020,0.0022037974630050618
1021,0.0006786790400917555
1022,0.001326735009802054
1023,0.0021151360424864923
1024,0.0019233039178452131
1025,0.0016338737437488263
1026,0.0014595255937088585
1027,0.0015435244307412087
1028,0.004050811828166097
1029,0.0007213131327991838
1030,0.0019697143099975897
1031,0.00034839076868356636
1032,0.0025468167315690613
1033,0.0008573515958522371
1034,0.003321180222552776
1035,0.002633785007623775
1036,0.002107910745636647
1037,0.003298887995726333
1038,0.0025866124679292265
1039,0.0016889142474522494
1040,0.002470276325891843
1041,0.0023790263877935224
1042,0.0017798367601663523
1043,0.003991947711947529
1044,0.0016276444150481611
1045,0.0026625291781534055
1046,0.0023851492635825395
1047,0.0005903856992536781
1048,0.0037702819432062877
1049,0.0017604639591700967
1050,0.0020466751390041554
1051,0.001034140616603017
1052,0.002529254884865568
1053,0.0013278123037388037
1054,0.0011967148498756124
1055,0.0015483533068944972
1056,0.0024413962883719545
1057,0.001513878716035499
1058,0.002549279769554654
1059,0.0024550156831321655
1060,0.0017119086092672736
1061,0.0005241627254929451
1062,0.0006662072500411795
1063,0.0025564330348598354
1064,0.002145668270415847
1065,0.004147908533762922
1066,0.002502924488705352
1067,0.0036123413568796606
1068,0.0035659059580749747
1069,0.0007323230941081253
1070,0.00158875810743523
1071,0.00403568731368262
1072,0.0018370149187803611
1073,0.0023498245592303304
1074,0.002627745528752067
1075,0.001974976874441954
1076,0.0032103115650347776
1077,0.0021075621252221364
1078,0.0016171382146983697
1079,0.004482907420544615
1080,0.002486470498429745
1081,0.0019501989631623834
1082,0.0006048704837480061
1083,0.0012293189161735965
1084,0.0016467067746251823
1085,0.0023327121054862072
1086,0.0023889523880435393
1087,0.0011112725813141808
1088,0.0005942376597479621
1089,0.000772059231541642
1090,0.001771328641349992
1091,0.0011827595110488372
1092,0.0006858669052621745
1093,0.001974816631355151
1094,0.0015044033699544584
1095,0.0009553033460587522
1096,0.0022637487154649875
1097,0.0013038211935124135
1098,0.0026962338364460146
1099,0.0026781877031212945
1100,0.0021251453669196576
1101,0.002851637901888915
1102,0.002805849921585899
1103,0.0023177524697060325
1104,0.001583013607960121
1105,0.0021079874108093457
1106,0.0020422511931038243
1107,0.0034865989210214007
1108,0.002491140597972976
1109,0.000876592081880255
1110,0.0028800403178199387
1111,0.0013369682375763043
1112,0.0013569452938498282
1113,0.0016730351235395766
1114,0.0022030959210270775
1115,0.0018354179687394025
1116,0.000920797386434293
1117,0.0032359464685811274
1118,0.0010671453727083512
1119,0.002448181287068239
1120,0.0012641200618394358
1121,0.0020884858793948787
1122,0.00221317649254184
1123,0.0016331610470905107
1124,0.0016208692953149234
1125,0.0003781210133594638
1126,0.0009943573704448312
1127,0.0009188294268920235
1128,0.0010691503128937054
1129,0.0004402016440298029
1130,0.001794543702884295
1131,0.002588177646532594
1132,0.0018746323467947919
1133,0.002071321450483768
1134,0.002193239010746179
1135,0.002586266041411702
1136,0.0035931690764542715
1137,0.001905009740388199
1138,0.0006084398481102047
1139,0.0016092913985240609
1140,0.002006278864768263
1141,0.0003324843228921272
1142,0.0007305685506348117
1143,0.0007737625702875032
1144,0.0018604235692038136
1145,0.002011798744936913
1146,0.001818305310443352
1147,0.0009474963957902422
1148,0.0014674929835253234
1149,0.0029632832768817113
1150,0.00108403873188408
1151,0.0006153126327151995
1152,0.001040319098222472
1153,0.0006889117162255943
1154,0.002069135711076422
1155,0.0008614339435058828
1156,0.0013141706040857397
1157,0.0006008545791655722
1158,0.0020807216164948675
1159,0.0023747006978274768
1160,0.0009853541183644395
1161,0.002512135054497137
1162,0.0017638876544630565
1163,0.001398769422137975
1164,0.0009478961317031393
1165,0.0026770238208691385
1166,0.0017103825258551278
1167,0.0018782818536958415
1168,0.002636361619105368
1169,0.005568610040579341
1170,0.0015296118166775868
1171,0.0025529673173919436
1172,0.0005565942669099924
1173,0.0020254701127905284
1174,0.002491297716873809
1175,0.0012255549878363015
1176,0.0021120609550173003
1177,0.0009568162152196526
1178,0.0010436902400451063
1179,0.0012991564912620626
1180,0.002173280748639221
1181,0.001968780346351363
1182,0.002366985810747751
1183,0.0014451552485841592
1184,0.0007835199028444068
1185,0.0018031808981214398
1186,0.001141254059709891
1187,0.0024514433059573217
1188,0.0007118420062061231
1189,0.0010992886314518263
1190,0.0006233009769179438
1191,0.00227228033935536
1192,0.0016304580277207864
1193,0.0005221604448103408
1194,0.0022634088718999656
1195,0.001407809366073435
1196,0.0020809467272021203
1197,0.0012939578026390681
1198,0.0021307419010777096
1199,0.0016748584594503413
1200,0.0013201701581813743
1201,0.0007502325698746556
1202,0.0015262724057359296
1203,0.0010275942686690809
1204,0.0017947409022654934
1205,0.0005609879150529849
1206,0.0020112691811550835
1207,0.0010039448732333544
1208,0.001033872521573195
1209,0.0018603186645302014
1210,0.001703885021843166
1211,0.0014205403882345015
1212,0.00033235075937913225
1213,0.0014528957874361328
1214,0.0016137392486438539
1215,0.0006850527058030893
1216,0.0015732864312776387
1217,0.0010636775967171983
1218,0.0029899892577568733
1219,0.0009310848090030299
1220,0.0011063108663152063
1221,0.001523793927679298
1222,0.00021323001439360148
1223,0.0014381085660956558
1224,0.0007965433060734758
1225,0.00035651958453837215
1226,0.0012838312918913898
1227,0.0007332481087291946
1228,0.0027088841038071763
1229,0.001372570447072385
1230,0.0015012374007670273
1231,0.0011682467740201385
1232,0.0018207999181494388
1233,0.0009453392476274775
1234,0.0007297283325673325
1235,0.0027620128748200683
1236,0.0022746751113394323
1237,0.0010682053833431366
1238,0.0013717301646851167
1239,0.0012425794240895096
1240,0.0006179697526972455
1241,0.0033910196982084736
1242,0.0016026563075178513
1243,0.0013975813599292712
1244,0.0011707368837242012
1245,0.0017228485977975004
1246,0.0006816596743802831
1247,0.003431176770511178
1248,0.0016310633551162128
1249,0.001466979082647462
1250,0.002471225546671337
1251,0.0027867251229654597
1252,0.0025061180562069457
1253,0.0027593941893256473
1254,0.001289746157170736
1255,0.0018533533063999862
1256,0.0019496605273633405
1257,0.0028713986113536767
1258,0.0016643324889659198
1259,0.002329117237315905
1260,0.0010311076520339603
1261,0.001456022084800862
1262,0.0014074284558812447
1263,0.0022350248048615975
1264,0.0014606634351030483
1265,0.0012941584745964098
1266,0.0025460521386792556
1267,0.0012531414415264536
1268,0.001812193776805502
1269,0.0006638364388082593
1270,0.0020752585081422123
1271,0.0010120803605006602
1272,0.001157833335626024
1273,0.001935255015702229
1274,0.0013792222710126954
1275,0.0024420468958179314
1276,0.0021489509360604017
1277,0.001660615374230032
1278,0.0009518978021663717
1279,0.0019386063513712182
1280,0.0010223756397834103
1281,0.0032250056921817503
1282,0.0033338205910817945
1283,0.0025143449117631736
1284,0.0018678227961099574
1285,0.002965835654236061
1286,0.0031376491264600327
1287,0.0016007853654246517
1288,0.002450108007594541
1289,0.0012676037213124696
1290,0.0018638814134823711
1291,0.003585158343792532
1292,0.0009408068777394344
1293,0.0026166745804551994
1294,0.0012787363900653114
1295,0.0037678775133618927
1296,0.0054583064068495874
1297,0.0026130187342974496
1298,0.004266567971909846
1299,0.0019531409926026263
1300,0.003066114476099445
1301,0.0016949194285481386
1302,0.001639517741764578
1303,0.0022804246666134607
1304,0.003227223007900916
1305,0.0014376638500277056
1306,0.001740175294830039
1307,0.0033550037428560163
1308,0.0026280692216101562
1309,0.0025177982817312116
1310,0.001089261841034787
1311,0.0029343332423572496
1312,0.0021913396804259223
1313,0.0031293848897171205
1314,0.0027018384240325086
1315,0.005314337022233794
1316,0.003011664572223597
1317,0.0016801566939465412
1318,0.0010800489351066647
1319,0.00535123888268342
1320,0.002604808882088775
1321,0.0030351479398327656
1322,0.001846585584222431
1323,0.002448911896586619
1324,0.0020054429784781753
1325,0.0036308364240146412
1326,0.0025514361441081345
1327,0.0034021179953742375
1328,0.0024935024199018788
1329,0.0019617146767655948
1330,0.0015562429069632562
1331,0.003448579949919355
1332,0.003757172904548962
1333,0.003405858552657952
1334,0.0033663443153834362
1335,0.0009642468460635233
1336,0.003264009082569866
1337,0.0021163235584105793
1338,0.0042377540560486525
1339,0.0031509638339585603
1340,0.0016069449219927416
1341,0.0021500813082610316
1342,0.0031691494488743075
1343,0.0014838714545374668
1344,0.004339418853282063
1345,0.0025591251548319435
1346,0.0036565224100162746
1347,0.0026606378543591546
1348,0.0021510833823111613
1349,0.0026100546519117695
1350,0.004968918009294782
1351,0.003617192003052879
1352,0.0033128229351108117
1353,0.0032412014898462716
1354,0.0020765202636884596
1355,0.002420166914960624
1356,0.0033072902676169378
1357,0.0020285138806416837
1358,0.0010269882173103786
1359,0.007584431445584536
1360,0.0030980509185029315
1361,0.00139036947451729
1362,0.002255206145383371
1363,0.005957351186831873
1364,0.003497423888799603
1365,0.005613948986296558
1366,0.003407782163868336
1367,0.002945596072213643
1368,0.004527227854578743
1369,0.0032886494865876485
1370,0.004769523615453754
1371,0.002927871823059692
1372,0.0006434929366537304
1373,0.002581672000687781
1374,0.0029037518866366955
1375,0.0051325214930226
1376,0.0033097703597263217
1377,0.0024732791892590686
1378,0.002485281497575273
1379,0.0024303233696880435
1380,0.0032320027192991076
1381,0.0018846641983247235
1382,0.002605664828829865
1383,0.0022087584363704115
1384,0.0024214848023681582
1385,0.0022535264087981816
1386,0.0030283313525090853
1387,0.0015079158513547468
1388,0.0018593005987690078
1389,0.0023473119499682234
1390,0.0014830177434208929
1391,0.0004726628649602792
1392,0.0026689272246827288
1393,0.0019157881177003105
1394,0.0014397150452843607
1395,0.000821733416021367
1396,0.002060150488564979
1397,0.002242016798358934
1398,0.00099701928685421
1399,0.0019412315102545566
1400,0.0022777943464952917
1401,0.0026696933311793555
1402,0.0037295344399246194
1403,0.0017006546725124052
1404,0.0007042966642258562
1405,0.001789118220742153
1406,0.0021135130028059994
1407,0.001921140224312701
1408,0.0030039927554327563
1409,0.003023054879984586
1410,0.001694107275345293
1411,0.001984846236584112
1412,0.0020426498584724165
1413,0.0022839292385883254
1414,0.002281808202057174
1415,0.002367072219263249
1416,0.003514579938996234
1417,0.003461862385369304
1418,0.002449452351924876
1419,0.0017052719883185162
1420,0.0020446275401052225
1421,0.0012161478902724318
1422,0.0020604271913489554
1423,0.0028010903716394254
1424,0.0012401647075208088
1425,0.0013828561187295859
1426,0.004451783529968449
1427,0.0007132718039205935
1428,0.0028318937104873736
1429,0.001461921133296032
1430,0.0018758967290697984
1431,0.0035269168273507983
1432,0.0016032193277128297
1433,8.523838989294222e-05
1434,0.0014456310597088667
1435,0.0013416330890853323
1436,0.0028367617473588776
1437,0.0007011559899027069
1438,0.0027365746822117427
1439,0.004010773300810447
1440,0.0016095019785762749
1441,0.004597296620897238
1442,0.003877911502572056
1443,0.0028231460722172572
1444,0.004199997098948875
1445,0.0013543728273762146
1446,0.0020503783130002124
1447,0.003284400337244283
1448,0.0029097468697960455
1449,0.004002516630159721
1450,0.0018117241702571736
1451,0.0045841770939771135
1452,0.001419186637611522
1453,0.0016663987629751374
1454,0.002644112607802753
1455,0.000994316202254937
1456,0.002919411667218113
1457,0.00270746820398287
1458,0.00042880163927473794
1459,0.0015446286608212997
1460,0.001453460159824515
1461,0.002302269314015712
1462,0.0035248177558000935
1463,0.0036565548058041324
1464,0.0016441868438524243
1465,0.002946789574621777
1466,0.0029324221606372505
1467,0.0016814484283729225
1468,0.000474945551164786
1469,0.0012147935620396091
1470,0.0020075702289496997
1471,0.0021754425789578514
1472,0.002796088857154574
1473,0.0035818330357579864
1474,0.0028868882745950383
1475,0.00085294835082763
1476,0.0040504863441933325
1477,0.005747014391136007
1478,0.006143412928951486
1479,0.004856992558750425
1480,0.004374309728844947
1481,0.0034035646409501658
1482,0.003713837863114635
1483,0.004652503163253781
1484,0.00296186975518035
1485,0.004827939781775904
1486,0.004109290296358721
1487,0.005768519470540028
1488,0.0034315033497343203
1489,0.003119306000213496
1490,0.0004749988614421811
1491,0.005588510186756418
1492,0.0029451487441124282
1493,0.002662531683439414
1494,0.00542588429992161
1495,0.0029034845090794756
1496,0.004513377936650981
1497,0.0017413485492842006
1498,0.001976149223362804
1499,0.00033326973787736286
1500,0.0023780209328101154
1501,0.0037416143590271755
1502,0.004331679298231551
1503,0.002238739626850545
1504,0.002832251642433665
1505,0.0007973202768345571
1506,0.005190154682426003
1507,0.004378672686381156
1508,0.00263725317250837
1509,0.003083331149783368
1510,0.0014069633637200558
1511,0.007418560859213098
1512,0.004442398711327115
1513,0.0036030739197757573
1514,0.0009437521932126498
1515,0.0025636881864221106
1516,0.004780255025170206
1517,0.004347991154599396
1518,0.003627195250257885
1519,0.0016452082702574516
1520,0.002557656288976191
1521,0.0015830121198564275
1522,0.005753622077088635
1523,0.0031741635675708174
1524,0.0019115138593461974
1525,0.002235558002878365
1526,0.002938983720996158
1527,0.0020165320899986224
1528,0.0020293003586590807
1529,0.0032691130318141504
1530,0.003911748438206881
1531,0.0022508704355296756
1532,0.0026840021521221807
1533,8.613532109027582e-05
1534,0.0016388876914238033
1535,0.0026631174578555274
1536,0.0031975857473665963
1537,0.001276133720381206
1538,0.0015964306670111633
1539,0.003234684073326758
1540,0.0009711754158806424
1541,0.0021248158038146996
1542,0.003083827670975111
1543,0.002060462200163408
1544,0.0030976045908656
1545,0.0029772122588048754
1546,0.0014115968468283065
1547,0.0038586228359428674
1548,0.003908086941940625
1549,0.0034541377267715153
1550,0.0015801093481606677
1551,0.0019391342562721213
1552,0.005984325145603396
1553,0.0024145197307274048
1554,0.002140554150965589
1555,0.0034436667845286644
1556,0.0048731997773596115
1557,0.004552586557503266
1558,0.0021675670991417504
1559,0.0031121007226197115
1560,0.0026062146828062295
1561,0.0010641973307516175
1562,0.00214507756017304
1563,0.0017295589589670865
1564,0.001976844188204078
1565,0.0028373827580025364
1566,0.0006417206780164492
1567,0.0037366034650471816
1568,0.0021620300469483906
1569,0.0031136756788642736
1570,0.008399572656372409
1571,0.0032727901658821668
1572,0.002998029219929279
1573,0.0014159462693540449
1574,0.0028265641186571897
1575,0.0020656166723648298
1576,0.0030158126112784533
1577,0.003185916316935676
1578,0.002485462919821035
1579,0.0016897673575731395
1580,0.004874697937353109
1581,0.001561678065789593
1582,0.0009709873328811944
1583,0.002903443518843432
1584,0.003805279683507199
1585,0.0036788628225145545
1586,0.004752571882503269
1587,0.0035706924222492797
1588,0.0012633001687363393
1589,0.002480306944855457
1590,0.0031554188992344856
1591,0.003249155077083075
1592,0.0027063654525866974
1593,0.0005861737421628982
1594,0.0021155529483342186
1595,0.002625853143248475
1596,0.0017214285145607591
1597,0.00577824247756499
1598,0.0016064337132100325
1599,0.006013973700361774
1600,0.0033687186692371285
1601,0.0023973496401731623
1602,0.002313671856274411
1603,0.0023148306807822074
1604,0.0031984546829172053
1605,0.0027816975811089015
1606,0.00578300281731151
1607,0.002789158479157771
1608,0.005402325381026976
1609,0.003925100347585188
1610,0.003990871029207828
1611,0.0019733694547999733
1612,0.002075727762160968
1613,0.003748214427391462
1614,0.004210255911150119
1615,0.00554131183257951
1616,0.004504819346434641
1617,0.003702646238660888
1618,0.0020699922223479015
1619,0.0013109006502084648
1620,0.0008892739546587716
1621,0.0023653766896196554
1622,0.0016880051213430183
1623,0.0023372889804834976
1624,0.002503486508133738
1625,0.002502660395913424
1626,0.00040845368689891814
1627,0.004679440108333811
1628,0.0015296751654875335
1629,0.0020083295805633345
1630,0.0006974523216273787
1631,0.00027757228665134065
1632,0.003822127065901191
1633,0.00176825660108765
1634,0.005459801194599826
1635,0.0026360501525814228
1636,0.001953461978269231
1637,0.0035761135566025454
1638,0.001956509734655991
1639,0.0034539448632954725
1640,0.0022621666293245143
1641,0.0026473468230721483
1642,0.002010899376581478
1643,0.003328851512863213
1644,0.001410706804366245
1645,0.0016044366903230519
1646,0.0013527664426178435
1647,0.0020459522384065703
1648,0.0017969984058878615
1649,0.0030968806339177492
1650,0.0021538342431106964
1651,0.002432106322126619
1652,0.0018033979880397618
1653,0.003125689373550622
1654,0.0029482600316789267
1655,0.0024275198254273844
1656,0.0033096356552313765
1657,0.0013274019978302316
1658,0.0027872489069846254
1659,0.004623852391454766
1660,0.0027490190874945564
1661,0.0024186649422795366
1662,0.0008978198895523379
1663,0.004517839559148394
1664,0.0029320521580480457
1665,0.004098848923515995
1666,0.004650308632804842
1667,0.002615131160413437
1668,0.0030451967235841843
1669,0.002574427186983057
1670,0.0025914125534776656
1671,0.0027428771600824624
1672,0.0030897454278039026
1673,0.0024616312445089965
1674,0.0020852572969376816
1675,0.0015594115753189257
1676,0.002888316231775897
1677,0.00292579607369284
1678,0.0033130699901881984
1679,0.003373543668547467
1680,0.0015831276363423008
1681,0.0014251063143693916
1682,0.002314750047019129
1683,0.0022985451593347576
1684,0.002377688722445406
1685,0.0012455491623757156
1686,0.0017989295547031353
1687,0.004965786169704926
1688,0.0021828018962389006
1689,0.0034823834837962885
1690,0.0031187379686980765
1691,0.0032658914181113857
1692,0.004999399075398402
1693,0.009663597557090273
1694,0.0012353917650383545
1695,0.006537234895333181
1696,0.006096099632008631
1697,0.004086784717026506
1698,0.0037132777498620297
1699,0.0016768601302144318
1700,0.002902361950017538
1701,0.00289212469079986
1702,0.0016576427060007379
1703,0.003775210509974978
1704,0.004629820608174714
1705,0.0014089434449300771
1706,0.002003675324444202
1707,0.0014609925027202833
1708,0.001998964525140985
1709,0.0018450599463657412
1710,0.002555690023793321
1711,0.004906413234454364
1712,0.0022942471766412343
1713,0.0033757211465694215
1714,0.0014293683478083206
1715,0.002880569763406895
1716,0.005696115036407136
1717,0.0033329753175894796
1718,0.002040020343294594
1719,0.002085867610332624
1720,0.0015265377882554322
1721,0.0018416829506827843
1722,0.001958988483429148
1723,0.0010565829107491767
1724,0.0006690664206557931
1725,0.003356671447171346
1726,0.0030739360894959794
1727,0.0012786061114522622
1728,0.002828233657773746
1729,0.0024857376932000373
1730,0.0014142089040223838
1731,0.0021377406201831795
1732,0.0028167932846968175
1733,0.0013125739611235705
1734,0.0019379481276932224
1735,0.002497565844038948
1736,0.0026754322284225445
1737,0.0023365336343610676
1738,0.0029362433077301047
1739,0.0029570836374548186
1740,0.0023291647249855823
1741,0.0013641420203878718
1742,0.0011129512407466815
1743,0.0018658601730588316
1744,0.0046282796828802176
1745,0.002882971712256724
1746,0.005357272552197634
1747,0.004171509200894398
1748,0.0023091221437019755
1749,0.002263952106252664
1750,0.004404523781029997
1751,0.003166384404572068
1752,0.0038563026388279222
1753,0.004428297406662385
1754,0.000638530387410241
1755,0.002511596333139162
1756,0.0015928280863073616
1757,0.0011750315930276524
1758,0.003507013128461542
1759,0.0026222167478964255
1760,0.002028425695071718
1761,0.001893164442868675
1762,0.0021905571455051467
1763,0.0021504006275994067
1764,0.0012610475056349403
1765,0.002370811073604513
1766,0.0023967751168285727
1767,0.0018739271565239568
1768,0.0028251544982823367
1769,0.0023273604917478144
1770,0.0016887814045526857
1771,0.002476959315361571
1772,0.001896627667246891
1773,0.002168310960430353
1774,0.002340072020751951
1775,0.004723749617107087
1776,0.00217222419485383
1777,0.0004687377262424114
1778,0.0016269207402798032
1779,0.0031012994050385787
1780,0.0011891943747411652
1781,0.001475423797824827
1782,0.0006113358136361907
1783,0.0017131118890954602
1784,4.248957704764781e-05
1785,0.0024183753876558024
1786,0.00221651756718918
1787,0.0024369689108586444
1788,0.0011120157255471348
1789,0.0018516836847823927
1790,0.004842471163939536
1791,0.0022541599467057957
1792,0.0012018486129744335
1793,0.001955876230738727
1794,0.001475806927919189
1795,0.0028492981346275974
1796,0.0027078563476374573
1797,0.003804449447077483
1798,0.000957421976885451
1799,0.0023870215124563153
1800,0.001125914762317733
1801,0.0019124641461148544
1802,0.0025189873588085366
1803,0.004793556135012822
1804,0.0014089705609443674
1805,0.002556728873771606
1806,0.003904999618994326
1807,0.0005216613185156314
1808,0.0014352692345425782
1809,0.0037706901874504776
1810,0.0029921476050046927
1811,0.00136516659379276
1812,0.0025466324543387112
1813,0.0030940425029211197
1814,0.0019735254742392024
1815,0.004135080123421927
1816,0.005234387789285131
1817,0.0023318230671283955
1818,0.0034443156879536245
1819,0.0029244167884345923
1820,0.0011930359713408039
1821,0.002179128300605093
1822,0.0007272818419616403
1823,0.0015154269973973618
1824,0.0025111534694791555
1825,0.0019574186670749546
1826,0.0028267499259450996
1827,0.0032161324241749196
1828,0.0011268996345529549
1829,0.0023520012717615306
1830,0.0014214159612541005
1831,0.0017155459639875057
1832,0.0027856495355922223
1833,0.0019791742812824663
1834,0.002106878052353378
1835,0.003707634365313592
1836,0.002377399560685304
1837,0.0029871131047744686
1838,0.0018855385653676466
1839,0.0008631265246512818
1840,0.002279068889009469
1841,0.0016894846570523897
1842,0.0034835902607819047
1843,0.0015153453113411475
1844,0.005168373784899597
1845,0.0026632680173069912
1846,0.0017694246378791474
1847,0.0028620203821125754
1848,0.0025704255376310034
1849,0.001198592570635943
1850,0.0021660892568565724
1851,0.0019891394117379745
1852,0.0011237515837578121
1853,0.0012735589294295354
1854,0.002760776616201164
1855,0.0026869244598761006
1856,0.0025297604996420927
1857,0.0022634032949332846
1858,0.0017731472501796494
1859,0.003194883480378207
1860,0.001741096285025998
1861,0.0038833196465946386
1862,0.0020712341034785503
1863,0.0024470371811364973
1864,0.000856742332068681
1865,0.0011521970086454784
1866,0.0024831927770601566
1867,0.0025677331028505688
1868,0.0011743871175463744
1869,0.0020658986169626234
1870,0.0021560756121404684
1871,0.0035594503341225756
1872,0.002084079254692064
1873,0.0028953623381450105
1874,0.004204611969636348
1875,0.0032010153629393294
1876,0.0028913380106190905
1877,0.003940709889722858
1878,0.0018138044344666489
1879,0.003261810791942358
1880,0.004240024669894396
1881,0.0015656082985263376
1882,0.00211372444171897
1883,0.0040564004581202405
1884,0.0024988680652416593
1885,0.0013150168320963742
1886,0.0032022884154026495
1887,0.0021142310443609453
1888,0.003829798886706834
1889,0.0023367733095330154
1890,0.0031271655399226273
1891,0.0032728968600167253
1892,0.0030464939113323043
1893,0.004249060456604035
1894,0.0036486809447363877
1895,0.003084125141701439
1896,0.002576482829220852
1897,0.0023403266639718027
1898,0.0024935509639775733
1899,0.0015117295685730392
1900,0.002386794455328341
1901,0.00203976766059435
1902,0.0018675480649770367
1903,0.00215457285232684
1904,0.0020129876523715486
1905,0.0019467311768423372
1906,0.0012077255734548598
1907,0.004624179024388143
1908,0.0037059166507591884
1909,0.0021354105324365136
1910,0.0013205964997146425
1911,0.0034133709314230543
1912,0.0016456313674035547
1913,0.001195461931682246
1914,0.0019379628015484321
1915,0.0013578935837462308
1916,0.0021014543741654443
1917,0.0021687843955758165
1918,0.0015491622500410686
1919,0.0042190213765600166
1920,0.002823341183681386
1921,0.002407759262372019
1922,0.0020497852309688236
1923,0.0025462843685690913
1924,0.002387364824697725
1925,0.0031452048389427763
1926,0.0027216810887620902
1927,0.0011628677118277059
1928,0.002972890768493891
1929,0.0025182897971912413
1930,0.002919258914511122
1931,0.002934551963469705
1932,0.003914356664560856
1933,0.001670142466478833
1934,0.004145665965070974
1935,0.003267994776927803
1936,0.0010733944013746922
1937,0.001452510178479173
1938,0.0028372324409044656
1939,0.0017897292371420806
1940,0.0027844988770919497
1941,0.002881904444065319
1942,0.0025157845811723534
1943,0.0014907478315144922
1944,0.002383087778785498
1945,0.0024668685033921466
1946,0.004347911303847047
1947,0.00444867897587235
1948,0.00196876665214126
1949,0.0033329513054598365
1950,0.0020781158486564088
1951,0.002643641200001315
1952,0.0014488470344003028
1953,0.0019635729732882293
1954,0.0013479035496102056
1955,0.003224745619996391
1956,0.0016915433876387362
1957,0.002572374922406575
1958,0.0018813330806480507
1959,0.0022322026947341964
1960,0.0029272148421025878
1961,0.0037446316596116054
1962,0.0015537038309249042
1963,0.0011624113395626093
1964,0.0012688615060534186
1965,0.0028019647484775604
1966,0.0016319231789246995
1967,0.0016250190390422505
1968,0.0018900985562314125
1969,0.0019992017662904087
1970,0.0011627671748543206
1971,0.003575681479502614
1972,0.0002989692723084925
1973,0.0017466295256154893
1974,0.0017081701768434712
1975,0.0038353472986720886
1976,0.001352468271539962
1977,0.0009662653378276013
1978,0.0003313854784501383
1979,0.001886722838108894
1980,0.0022688887908907905
1981,0.0020886817631379055
1982,0.0004791079668270091
1983,0.001804907058987276
1984,0.002020728359833898
1985,0.0018840645751140989
1986,0.0014227016656294354
1987,0.0026098764814698173
1988,0.0014880082229565862
1989,0.0018826304043593328
1990,0.0014228327256177685
1991,0.0006797349474401715
1992,0.0031546905108150607
1993,0.003854493216601506
1994,0.003910444867052603
1995,0.002604502824630183
1996,0.0006652268108839424
1997,0.0008914032955286838
1998,0.0023206817910649603
1999,0.000960031304546121
2000,0.002437537686448063
2001,0.0014803180721291952
2002,0.002210602332928007
2003,0.0016487263797136224
2004,0.0007685479113619768
2005,0.001510314991901644
2006,0.0022621356360382878
2007,0.003614371451427751
2008,0.0026914487780613505
2009,0.0013903296718403534
2010,0.004309317887406134
2011,0.0034254743622529047
2012,0.0015106738234106458
2013,0.00045554577344184
2014,0.0026035832216689887
2015,0.004916564813366472
2016,0.0008494026214182805
2017,0.002887429517492305
2018,0.0030236345452022903
2019,0.0017369566498764422
2020,0.0020473662662156915
2021,0.00022765504752159682
2022,0.002310110163670423
2023,0.0009431305331536848
2024,0.001568064579408145
2025,0.0019302900943209249
2026,0.0012743007881891426
2027,0.0010329662678593375
2028,0.0021896907894870983
2029,0.002121970030121862
2030,0.0011345048199531231
2031,0.001755292453448909
2032,0.002285040812901328
2033,0.005427830500935424
2034,0.0012028958360008415
2035,0.0016769328311436067
2036,0.0007211553759292945
2037,0.0016244883264763497
2038,0.0015628501542627644
2039,0.0005348177388659463
2040,0.002647895103653103
2041,0.000846227373811799
2042,0.0017009478506518985
2043,0.0009027423718552495
2044,0.0019428439139872599
2045,0.002319392129538351
2046,0.0018687333577655993
2047,0.00227834909849608
2048,0.0016207430723805163
2049,0.001907309263242957
2050,0.0020507185487037166
2051,0.002277637118849861
2052,0.001156056283952089
2053,0.002633363651076461
2054,0.00094990475167451
2055,0.00205813153421964
2056,0.0010814143211132314
2057,0.0028012753767968127
2058,0.0016546625774992985
2059,0.0016076286094615759
2060,0.0013654852276257224
2061,0.0007607604471593377
2062,0.000760420747507202
2063,0.002619794086691414
2064,0.0021053633798454575
2065,0.0020533037612366473
2066,0.002504447086500605
2067,0.0021718841521747322
2068,0.0019899565050972325
2069,0.0017627325377454147
2070,0.0008619911755416628
2071,0.001567772015956657
2072,0.000646623802396618
2073,0.002659240657706037
2074,0.0014428710111006517
2075,0.0027878385184163957
2076,0.002014188021100691
2077,0.0011486252694547089
2078,0.0014374690390476102
2079,0.0012131003954521508
2080,0.0003954836841108718
2081,0.0009994410857600059
2082,0.003710346647707799
2083,0.00212503305100091
2084,0.0024556859894202276
2085,0.0022735653748353485
2086,0.0013662279812828824
2087,0.0022026937190027253
2088,0.0012826383991964014
2089,0.0015195983362145296
2090,0.0013153464514774522
2091,0.001862119468739271
2092,0.001490319021017171
2093,0.0014954107465959346
2094,0.0013898119595837654
2095,0.0016937798956335934
2096,0.0007779580690892134
2097,0.002304099914877964
2098,0.002118672925567095
2099,0.002106317839101744
2100,0.003904118810660362
2101,0.0009467656366947292
2102,0.0012900909749425104
2103,0.00150909257902088
2104,0.0031013392005579676
2105,0.0030384377598745593
2106,0.0009220689006315003
2107,0.001175919282376289
2108,0.0019775521020867076
2109,0.002048394479481779
2110,0.00029386445077115897
2111,0.0006781683630290395
2112,0.007988101378408772
2113,0.0018119392260027845
2114,0.00185458939876128
2115,0.005067801655393914
2116,0.0027872407744721772
2117,0.005830496045856601
2118,0.003024809365411126
2119,0.0009709806999741605
2120,0.002327673158292111
2121,0.0031749433571533364
2122,0.005033983548306988
2123,0.00045515204023667544
2124,0.0014871065440447983
2125,0.0021340179645607167
2126,0.003237541756057758
2127,0.003330206147989956
2128,0.0018119428347156904
2129,0.0034129134517951257
2130,0.004227946500899933
2131,0.0021142991247595686
2132,0.006337261079199161
2133,0.0004330269368365003
2134,0.0038520054723980486
2135,0.0019268292925009565
2136,0.003926017632971093
2137,0.0014211800226490618
2138,0.003591829658199428
2139,0.0023929220227067068
2140,0.0028588521973106954
2141,0.0017249875124686297
2142,0.0030299984858755146
2143,0.0018644174152653893
2144,0.0013563913228964348
2145,0.0036389299790414095
2146,0.0041844068049541674
2147,0.002825100774111154
2148,0.0027575543262609976
2149,0.0024963400947600697
2150,0.0039220455048148304
2151,0.00028366670635975147
2152,0.002751515550040074
2153,0.002949121522404431
2154,0.007846574574375459
2155,0.0026138038689256446
2156,0.0019848016206630154
2157,0.006359374179923265
2158,0.0044344497429796405
2159,0.0016501770731524497
2160,0.001693389750386939
2161,0.005567218278780883
2162,0.001421701916850113
2163,0.0034732422850187864
2164,0.0010663633382016365
2165,0.002175905096038802
2166,0.0013108232924554236
2167,0.002022404409012468
2168,0.002940229982444332
2169,0.003247259390880808
2170,0.00349244148702423
2171,0.004771183285335185
2172,0.003526104328545658
2173,0.0025593435710715407
2174,0.0020833700504465508
2175,0.003159270051841296
2176,0.0021568503486113035
2177,0.0003817735759593666
2178,0.0019366169883459742
2179,0.001208747365722954
2180,0.0021816828501094072
2181,0.005623262428289571
2182,0.0015357829487938183
2183,0.0009436021322146183
2184,0.0017548273490220398
2185,0.0004777970891836301
2186,0.0017699718194791176
2187,0.003534708757371412
2188,0.0010724762698792166
2189,0.002752831278516782
2190,0.0031889302107729715
2191,0.0010580035875914079
2192,0.0005405642799948656
2193,0.0018535476768122075
2194,0.0015588899394821723
2195,0.003915478333816322
2196,0.0011112197147098563
2197,0.003529943146880144
2198,0.0014246437452348504
2199,0.0038106341195734
2200,0.0012457059282631328
2201,0.0016711791355134887
2202,0.0024145448896466435
2203,0.0021807897007114483
2204,0.0036161916167063712
2205,0.0013931369833823683
2206,0.0012546100873650837
2207,0.0023046480731349988
2208,0.0024848072582299755
2209,0.0032076436160357394
2210,0.0024627213240997225
2211,0.0019132029762513267
2212,0.0038508385770105666
2213,0.0015789842402724626
2214,0.002865920685496124
2215,0.0016450273006542795
2216,0.00238271307575832
2217,0.002753059146448312
2218,0.001065250100990989
2219,0.00237860989817639
2220,0.0020285989043513607
2221,0.0020350720171349868
2222,0.0022271653295246733
2223,0.0017788502802383137
2224,0.0034246355125978193
2225,0.002000056626606629
2226,0.002124939448795935
2227,0.0027433050728977934
2228,0.0019079456341616144
2229,0.0031129131970929597
2230,0.0021753582247689162
2231,0.003535192908383337
2232,0.001893400212122448
2233,0.0019423402025975586
2234,0.001896516020179706
2235,0.0007656008700656219
2236,0.00390741796004949
2237,0.0026419910661898784
2238,0.004375766418563474
2239,0.002946244925155128
2240,0.0018932879149122356
2241,0.0017018230255172104
2242,0.0016549511621070285
2243,0.0014308233317005513
2244,0.0022239393094584635
2245,0.0028084837033811685
2246,0.0019018318160008488
2247,0.0016556485920999873
2248,0.0011254947707363232
2249,0.004192029800015919
2250,0.002362331601396974
2251,0.0030648215798625583
2252,0.003834099937928001
2253,0.0036059892161807877
2254,0.002707144305435189
2255,0.0023592907345208435
2256,0.001059932697672106
2257,0.005116314531515982
2258,0.0005507938882502728
2259,0.001679778044790382
2260,0.0026097223615133536
2261,0.0031671892874700638
2262,0.0006450481711298093
2263,0.002944939883969676
2264,0.0020648028412864165
2265,0.0035762151079613246
2266,0.0013396581970110029
2267,0.0018296306238381789
2268,0.0002808490531473982
2269,0.0025422021556862247
2270,0.0009090111214968879
2271,0.0026988592424371668
2272,0.0022991814144814153
2273,0.003100390164099608
2274,0.0014592908939432489
2275,0.0038429462315685025
2276,0.0032402633051157293
2277,0.002209124650906566
2278,0.001576939860209757
2279,0.0014441960599342978
2280,0.0031474559840086965
2281,0.0026278412949531753
2282,0.0033538748506538782
2283,0.0019526319771700797
2284,0.0012335407969374344
2285,0.0027315831981450517
2286,0.001004043769480693
2287,0.002604997489531153
2288,0.0025197474148858597
2289,0.0014124974872127157
2290,0.004330448358717028
2291,0.0038829939106004483
2292,0.0009798886948536693
2293,0.004192238080260171
2294,0.007242648592670174
2295,0.002142840017003579
2296,0.0047881483419540335
2297,0.002680149346514391
2298,0.001409176314898707
2299,0.0034667279563751255
2300,0.005553706287762884
2301,0.0020639356202184836
2302,0.002890261983177595
2303,0.0052759209225004475
2304,0.0014699367302049408
2305,0.004112300009998373
2306,0.004049592299574074
2307,0.00460026790231309
2308,0.0036287314720091536
2309,0.0032428084392649866
2310,0.0010916976528785778
2311,0.0020657819107342524
2312,0.003935372036812809
2313,0.004073876673665908
2314,0.0013072194751706883
2315,0.0022271742227885894
2316,0.002146128270765857
2317,0.002982363595379281
2318,0.0060599546026594425
2319,0.004027321564075123
2320,0.008096597925786146
2321,0.0027759113910989126
2322,0.003167425446309382
2323,0.0023959086031651103
2324,0.004357205403417962
2325,0.0018501998396402593
2326,0.0010769471511248181
2327,0.003652346082984932
2328,0.0009589415787159272
2329,0.004269560923853427
2330,0.004831072108835144
2331,0.002224307293300682
2332,0.005127836959744625
2333,0.0035432990855223854
2334,0.003793292942667441
2335,0.003915175869430426
2336,0.0012189368134508313
2337,0.004690605836691397
2338,0.0036406168082967483
2339,0.0030552755737269094
2340,0.0015396801392210853
2341,0.001763281032825743
2342,0.006219974180849468
2343,0.004392530965912432
2344,0.0019658428826675478
2345,0.006873495661851224
2346,0.002694286634623124
